DateTime,A,B,C,D
01-01-2000,-0.813312476,-0.565007459,-0.3031302,0.116437157
02-01-2000,-0.263929462,-0.940643172,2.447558519,-1.013753132
03-01-2000,-0.368734269,-1.695076051,3.575228285,-0.596989786
04-01-2000,1.660560074,-0.868558958,3.640053491,-0.914362003
05-01-2000,1.124829424,0.273860255,3.819585534,-1.503455553
06-01-2000,1.650287844,1.109085645,3.487249773,-1.802623804
07-01-2000,1.940452422,0.421942078,3.847380329,-2.343524045
08-01-2000,1.449121421,-0.247207553,4.710637289,-2.148562388
09-01-2000,1.863733338,0.722953199,4.264223131,-2.068262436
10-01-2000,1.36081206,-0.190575078,4.808258311,-1.200771649
11-01-2000,0.727080745,0.943963058,5.009409364,0.00090688
12-01-2000,0.416540682,1.210350475,5.187523354,0.316472805
13-01-2000,-0.780340774,0.443779278,2.61429667,-0.032368245
14-01-2000,-1.927686665,2.686693775,3.096383044,-1.152256087
15-01-2000,-2.016489493,3.023639387,2.969549194,-3.4094229
16-01-2000,-3.549292497,3.569239577,1.94162722,-5.20778651
17-01-2000,-4.587222376,4.875592605,0.679438387,-7.614489366
18-01-2000,-4.09457932,3.954322744,2.380700189,-7.435117349
19-01-2000,-6.306966835,2.500704736,1.748827095,-6.818690867
20-01-2000,-4.597940452,2.782961769,3.211257203,-8.507798834
21-01-2000,-4.333519684,2.741561149,2.69587585,-9.126647771
22-01-2000,-4.061849263,2.368330728,1.488796106,-8.680964657
23-01-2000,-6.317946693,2.351097655,1.280563871,-8.375044366
24-01-2000,-6.689843875,0.21507738,-1.3945601,-8.482906312
25-01-2000,-6.710888231,0.110733367,-2.848093328,-6.166943571
26-01-2000,-6.193787969,0.012088932,-1.73469028,-5.493247017
27-01-2000,-4.834386234,-0.423075704,-1.009944597,-5.945044323
28-01-2000,-5.536740931,0.242766626,-1.482057323,-5.951839573
29-01-2000,-5.017510155,0.070588841,-0.280048943,-6.574104102
30-01-2000,-5.149376059,0.548189225,0.736966411,-5.721503731
31-01-2000,-5.052562334,0.547016857,1.562051805,-3.527332856
01-02-2000,-4.493102318,-0.769406336,2.887287173,-0.941684376
02-02-2000,-4.267679802,0.526788952,2.763569162,-0.176330513
03-02-2000,-5.405828596,1.317548925,3.914314024,-0.395657376
04-02-2000,-4.25669066,0.1455146,4.647528597,-0.483128459
05-02-2000,-4.591277826,-0.744826279,5.702133459,-0.446067428
06-02-2000,-3.450070662,-2.069297466,4.418811562,-0.916877642
07-02-2000,-4.377352303,-0.777235997,5.288041263,-1.344197849
08-02-2000,-4.490193571,-1.445691797,5.387639103,0.764699034
09-02-2000,-6.143036088,-1.243732138,5.769246629,0.616256084
10-02-2000,-7.233943238,-1.771448698,6.666421819,2.100199387
11-02-2000,-7.484728954,-0.946544112,5.373339746,2.308781857
12-02-2000,-9.153002485,-0.064949595,5.887060723,2.780734901
13-02-2000,-9.116303717,0.163918639,4.900972735,1.812103486
14-02-2000,-8.655780247,-2.439483254,5.914857031,3.216628407
15-02-2000,-9.620020421,-3.225121645,4.87212638,2.702258355
16-02-2000,-9.796490593,-4.443513386,4.442382087,4.203287076
17-02-2000,-9.443867768,-5.421042205,4.533532753,4.236532171
18-02-2000,-10.47481042,-4.599236474,5.287104521,2.538208783
19-02-2000,-10.26914989,-4.712440724,6.690226792,3.376142008
20-02-2000,-9.765464792,-4.287396254,5.932149361,3.55864412
21-02-2000,-10.22944368,-2.099148505,5.687968057,2.886186629
22-02-2000,-11.71605151,1.104059488,5.185597137,4.406711328
23-02-2000,-11.34243679,0.429385286,4.515600793,3.492905532
24-02-2000,-12.35438182,1.177668608,6.32500193,3.639945996
25-02-2000,-13.64416743,1.667529225,5.862752922,4.184018072
26-02-2000,-12.71426826,1.089998369,5.634165249,4.376482694
27-02-2000,-14.75854703,-0.124249177,4.372274592,3.423780997
28-02-2000,-13.51623744,2.063832615,4.483178293,4.696340973
29-02-2000,-12.51520999,0.453438128,6.002650706,6.076925234
01-03-2000,-12.36231386,1.149594003,6.407213631,5.189012789
02-03-2000,-11.90786883,2.005278486,5.832655394,4.323648656
03-03-2000,-11.99498579,1.235141475,5.006946186,4.610642098
04-03-2000,-13.04232022,1.516467162,4.998121988,2.784464074
05-03-2000,-11.13249475,1.103375715,5.302411142,3.87284378
06-03-2000,-10.49060346,1.606772307,4.094958094,3.792790803
07-03-2000,-11.64859532,1.710356509,4.361676992,3.100224994
08-03-2000,-13.35746409,2.05709571,3.514284358,4.098652489
09-03-2000,-14.28160885,2.868282395,2.446841377,3.65455531
10-03-2000,-14.48267434,0.921987743,1.189580324,4.283307096
11-03-2000,-13.87015964,1.843273282,3.214091517,4.485689024
12-03-2000,-14.53055632,2.050320453,1.974929043,3.779855937
13-03-2000,-15.42551455,2.812029753,0.820486335,2.209477447
14-03-2000,-18.68946437,1.736153066,0.588538995,1.165122213
15-03-2000,-15.86463019,2.776919859,-0.239783228,1.388121895
16-03-2000,-14.32878644,2.345326901,-1.312232073,0.17370721
17-03-2000,-14.36317475,1.361873338,-2.297877938,0.880215259
18-03-2000,-14.00289661,2.599540227,-1.645061524,-0.825625254
19-03-2000,-12.13823644,2.026348662,-0.884867817,-1.071658544
20-03-2000,-13.43951741,3.958857363,-1.244899818,-2.464949153
21-03-2000,-13.14612984,4.050288376,-0.501278874,-2.08061955
22-03-2000,-11.33739613,3.95891684,-0.221694122,-1.726175439
23-03-2000,-10.48975813,4.522900351,-0.16399742,-0.763262093
24-03-2000,-10.29477803,4.476620902,1.977530162,-1.96697394
25-03-2000,-9.055362239,3.92219048,1.319793303,-1.915071321
26-03-2000,-9.75926628,5.273813129,1.276814599,-0.16008336
27-03-2000,-8.792254089,4.368444426,2.726887042,1.242740226
28-03-2000,-8.221600685,5.078918615,2.641990317,0.196672262
29-03-2000,-8.705403236,6.921925967,2.113978199,0.361039051
30-03-2000,-8.468141022,7.820837493,1.904443696,0.233983193
31-03-2000,-9.770934906,9.324459705,2.908847437,0.264940584
01-04-2000,-10.8217811,7.768196374,3.860716892,1.759496616
02-04-2000,-10.78761582,7.874192192,3.74925767,1.700126543
03-04-2000,-8.87124742,8.039705991,3.287938705,2.724076028
04-04-2000,-7.740719396,7.664545145,3.617754347,1.273828825
05-04-2000,-8.001982056,7.05143588,3.8036861,2.499474513
06-04-2000,-7.039479473,5.626338571,3.672997231,2.58470496
07-04-2000,-8.473104913,4.287396376,3.907343734,3.785629616
08-04-2000,-6.29144294,5.405537681,3.899005562,3.951754302
09-04-2000,-6.875011456,5.472254638,6.211364849,5.451186129
10-04-2000,-6.07397131,5.850311231,4.848912949,6.852993541
11-04-2000,-5.155040877,5.960558103,5.372189982,6.841666337
12-04-2000,-5.930416038,6.055165875,5.0107277,7.571498932
13-04-2000,-4.92915519,7.451504765,4.551717335,8.578690019
14-04-2000,-5.877540813,9.194627681,4.086473056,5.659574799
15-04-2000,-4.583323059,8.37255103,4.120543155,6.59026805
16-04-2000,-4.662742678,8.050612902,3.65602649,5.486537015
17-04-2000,-4.84705774,7.30721403,4.098359512,5.762817121
18-04-2000,-5.731424622,7.632436324,5.22961837,6.165013797
19-04-2000,-6.131342144,6.688221314,4.894379008,6.352028788
20-04-2000,-4.801043193,8.261540596,5.128276655,6.751945876
21-04-2000,-5.233752689,8.950777753,4.259762816,7.616752654
22-04-2000,-4.73366859,9.135899959,4.878102099,8.226991056
23-04-2000,-4.314463399,10.21704418,3.44546441,9.706156326
24-04-2000,-4.426496537,11.70796601,2.8140082,9.21409537
25-04-2000,-5.36962872,11.78140629,2.921734834,9.363758279
26-04-2000,-4.721824483,10.63614654,2.717399357,11.23375676
27-04-2000,-6.45787699,9.347781332,1.88360463,8.413497893
28-04-2000,-8.750208725,11.78737347,1.067205233,9.198598179
29-04-2000,-8.680761391,12.52476049,0.244344054,8.960828823
30-04-2000,-7.622543706,11.20265072,0.425539351,9.765262361
01-05-2000,-7.304071319,8.838445595,0.625242397,8.615113917
02-05-2000,-7.010960098,7.352457883,0.30860579,10.15506987
03-05-2000,-6.702580616,8.561001528,0.321812595,9.663866171
04-05-2000,-6.276446834,7.318273038,-0.263069985,11.17450882
05-05-2000,-6.130323417,8.817218127,-1.423744215,11.38232619
06-05-2000,-7.528569596,9.508492736,-3.457828577,10.53200079
07-05-2000,-5.086859625,7.684103333,-3.296023708,11.53166389
08-05-2000,-5.049626633,7.161499978,-2.554562436,13.4304899
09-05-2000,-6.832697093,7.609967109,-2.143022962,12.07655182
10-05-2000,-6.232590474,5.43945138,-1.155127514,11.32451213
11-05-2000,-5.693235903,4.929423849,-1.3428832,9.783706666
12-05-2000,-6.7673224,3.366787308,-0.97704309,10.1818404
13-05-2000,-7.586411887,2.80217901,-0.163742716,9.453424401
14-05-2000,-5.927472189,2.155991139,-0.388220783,8.271491518
15-05-2000,-7.187331287,1.698890815,-0.150258296,9.549234388
16-05-2000,-6.3728452,0.525010772,-1.051172687,8.790624309
17-05-2000,-7.401460536,0.405304473,-0.888868987,10.19466344
18-05-2000,-7.448472159,-2.516843079,-0.892966443,11.21534447
19-05-2000,-7.417781961,-3.56326743,-0.6814815,9.196553184
20-05-2000,-7.668124977,-3.177867665,0.914852879,10.71793914
21-05-2000,-9.471985547,-2.106557521,2.340847434,11.5347995
22-05-2000,-9.329412315,-0.338002114,2.45334245,10.61352052
23-05-2000,-8.459558997,1.748537153,3.701209901,10.1555892
24-05-2000,-8.511959135,2.366563803,2.50235659,10.73182394
25-05-2000,-7.77535367,2.200594617,3.508389967,11.46062148
26-05-2000,-6.498009681,1.220636349,4.303120378,12.31529185
27-05-2000,-6.201802384,1.269784616,2.302743386,10.72518944
28-05-2000,-7.70209988,2.364582734,1.766297626,9.532992453
29-05-2000,-8.558723703,2.022067816,0.821194954,8.240765306
30-05-2000,-8.302711485,1.937227204,2.666503324,8.884660876
31-05-2000,-7.115504594,1.097778595,2.67198214,7.461926239
01-06-2000,-6.780804014,0.095302669,1.492295272,6.960424137
02-06-2000,-9.096937123,-1.667895209,0.903603126,7.198885825
03-06-2000,-8.521433163,-0.607919954,0.257648623,7.307112268
04-06-2000,-7.698159718,-1.581328273,-1.570320308,5.846557604
05-06-2000,-6.828627536,-2.769756847,-0.935719811,7.22745785
06-06-2000,-6.899773806,-2.565498282,-0.619485839,8.727147431
07-06-2000,-7.32013699,-3.120679118,1.341067385,8.35866039
08-06-2000,-5.902589912,-1.956779042,-0.602595337,8.33321469
09-06-2000,-7.908248328,-0.848568999,-0.708463127,7.204254375
10-06-2000,-6.623945927,-1.230231257,-2.092861928,6.057858547
11-06-2000,-5.948911795,-1.131873032,-1.865380846,6.814433418
12-06-2000,-5.639571693,-0.832766994,-1.397432719,8.870722416
13-06-2000,-7.476033202,-1.486652907,-0.867541044,10.68115002
14-06-2000,-8.118448376,-1.502212089,0.198326989,10.22314984
15-06-2000,-6.926949446,-1.25260633,-0.031577189,9.254613636
16-06-2000,-5.963384236,-2.337421707,1.270099894,8.30222215
17-06-2000,-4.853194461,-2.754233699,-0.235429587,9.244320785
18-06-2000,-4.193734923,-1.574280512,-1.592422889,9.052205308
19-06-2000,-1.829871525,-1.916684745,-2.135256163,8.638308161
20-06-2000,-2.025464902,-2.075842743,-4.011436767,7.63271773
21-06-2000,-2.126369468,-2.595009745,-5.806152424,6.427744701
22-06-2000,-2.841509944,-3.223776993,-5.741896527,5.596284476
23-06-2000,-0.844552031,-2.923635896,-6.698224423,4.227742518
24-06-2000,-1.524321787,-3.350610679,-7.678851272,3.766408162
25-06-2000,-0.773381683,-3.78874494,-7.786028975,2.89961302
26-06-2000,-1.857528653,-3.807014218,-7.175085845,3.49185031
27-06-2000,-3.559567475,-6.104337502,-7.920668836,3.691696493
28-06-2000,-2.687098822,-5.251645308,-6.841074188,2.178524813
29-06-2000,-2.733546685,-6.758996621,-7.947897491,3.69551264
30-06-2000,-2.803415692,-5.441851834,-6.738358404,4.144328236
01-07-2000,-1.54857317,-5.374509872,-6.187040911,5.207111503
02-07-2000,-2.472123875,-5.575227176,-4.808153367,4.713786511
03-07-2000,-1.940995841,-3.45921195,-3.954809446,5.947668693
04-07-2000,-0.581712015,-3.418699637,-5.925378318,4.444114353
05-07-2000,0.643375182,-2.523976854,-7.630939568,4.094510874
06-07-2000,1.955299342,-2.608334826,-7.510152605,3.390096738
07-07-2000,1.325215227,-3.218817022,-7.073697942,3.934056563
08-07-2000,0.046707994,-2.505584673,-5.617058203,5.628854279
09-07-2000,-0.336208013,-1.001136011,-3.956747662,3.914401597
10-07-2000,1.237588498,-1.021344542,-3.528576786,4.612571895
11-07-2000,1.478603433,-1.318350339,-3.467584916,4.370048845
12-07-2000,3.553173706,-1.983500568,-3.270004417,5.796208231
13-07-2000,3.497291929,-2.200700306,-4.027134114,5.125737554
14-07-2000,2.568730873,-3.522544843,-4.945397214,6.562672684
15-07-2000,4.660701472,-3.831668276,-5.131671195,5.754661597
16-07-2000,4.195681969,-4.572709536,-6.269434344,5.486268012
17-07-2000,3.797645133,-4.902107857,-7.356742403,8.454094986
18-07-2000,3.866546897,-5.152521215,-7.781147922,8.375098422
19-07-2000,2.680427087,-8.438935435,-7.215194737,8.298901524
20-07-2000,2.799293554,-7.072650391,-5.280134691,9.142465156
21-07-2000,3.00211182,-6.741959266,-4.595206713,7.921852963
22-07-2000,3.370791952,-5.394894965,-4.485416733,7.240609308
23-07-2000,2.530531478,-4.920746032,-6.102306472,7.084607389
24-07-2000,5.231565227,-3.730478026,-4.264922463,8.600178441
25-07-2000,6.527068887,-3.516116376,-3.626929464,7.448174765
26-07-2000,5.661590543,-2.429515193,-2.972646254,7.793767199
27-07-2000,3.304674353,-2.923013852,-2.328481358,8.043582384
28-07-2000,3.25224226,-1.494130549,-2.930900947,5.975751343
29-07-2000,3.442762784,-0.78590572,-2.059132062,7.238346933
30-07-2000,3.363581218,-1.119622461,0.427770033,6.402594629
31-07-2000,2.345624722,-0.597319222,1.243742493,6.75070002
01-08-2000,3.529282512,-2.39109383,1.403095075,6.441362211
02-08-2000,1.639848167,-2.954731671,-0.946070403,6.532314734
03-08-2000,3.11619666,-2.987146501,-0.716940283,6.933195441
04-08-2000,3.242562372,-2.367970135,0.747491206,7.025059472
05-08-2000,4.371759267,-2.779950564,1.129473144,7.932346387
06-08-2000,4.22654023,-1.661545821,-0.019872875,8.42860738
07-08-2000,5.152141688,-3.223791866,-1.318955759,8.562506389
08-08-2000,4.845400207,-4.684738714,0.584665349,7.382061941
09-08-2000,6.180899811,-5.711666476,1.600357775,6.7012749
10-08-2000,6.257129639,-5.184155106,2.209422318,7.518557016
11-08-2000,7.55889906,-5.47864159,1.120784924,4.460800512
12-08-2000,7.716748932,-5.721465878,2.075174211,4.131875866
13-08-2000,7.880622426,-6.870037882,2.901580327,3.34184001
14-08-2000,9.637837733,-4.762261056,3.640049961,4.831730637
15-08-2000,9.351678448,-4.782541719,3.444104696,5.689516477
16-08-2000,10.1217351,-4.979016166,2.647620533,7.760525293
17-08-2000,9.827988315,-3.974927684,3.763110465,6.391100379
18-08-2000,11.48314102,-2.79735123,3.793821164,7.006918529
19-08-2000,11.03381726,-0.507657042,3.425956914,6.364234992
20-08-2000,9.076263325,-0.669483969,4.421307412,6.018692843
21-08-2000,9.608440453,-1.979976151,4.866335371,6.033597312
22-08-2000,7.893608482,0.746681103,6.254332337,3.247450393
23-08-2000,10.05157929,-0.682586707,5.549463481,3.712935451
24-08-2000,8.559397553,-1.5384423,6.196232768,3.878191252
25-08-2000,10.86948279,-0.703021412,6.920152969,4.699601274
26-08-2000,10.38204664,-0.38959014,6.866079465,6.177668162
27-08-2000,9.597233032,-0.360367958,4.22652697,6.78096854
28-08-2000,8.100123217,-0.787788555,3.02660048,8.912928789
29-08-2000,6.20079994,0.341964445,2.3865894,9.629849615
30-08-2000,7.226135928,-0.521448534,3.641289098,10.3390652
31-08-2000,7.307210318,-0.187557175,4.718053744,10.68283717
01-09-2000,6.403277339,-0.619172414,4.702586114,10.68200388
02-09-2000,5.207696319,-3.205449206,5.010944915,9.511513922
03-09-2000,7.361678478,-3.649043178,5.132159662,8.994883156
04-09-2000,8.263996202,-6.016632162,5.005699326,9.559966419
05-09-2000,7.685639744,-7.114595016,3.861536326,10.58350667
06-09-2000,8.537458988,-7.558206506,3.572587962,11.47915234
07-09-2000,7.743012212,-7.529655283,2.526406115,12.80459716
08-09-2000,7.669513282,-8.067094598,4.136164637,12.69833582
09-09-2000,7.944497438,-8.444936272,2.387172321,13.1939612
10-09-2000,8.052671445,-10.22801887,2.012459581,13.42864444
11-09-2000,7.155745418,-11.32524752,1.907150934,14.49644618
12-09-2000,6.615486875,-9.761242212,2.728128734,13.11470366
13-09-2000,4.169554341,-10.08868612,2.671100201,13.67209533
14-09-2000,4.912820831,-11.71823209,1.405179406,13.50999474
15-09-2000,6.122695999,-11.37228039,1.696026361,13.3101141
16-09-2000,5.422454026,-10.54948567,1.978967301,12.70934835
17-09-2000,5.871378862,-10.91181377,0.334573585,12.6222257
18-09-2000,5.890926613,-11.45908368,-0.847401663,13.14387027
19-09-2000,6.208137713,-10.71337381,-1.707688872,15.72907734
20-09-2000,6.011529337,-10.73944794,-1.52777584,16.24138745
21-09-2000,5.511657524,-11.53286315,-1.283362014,16.48926137
22-09-2000,4.408778915,-11.10237393,-1.91562808,16.70657497
23-09-2000,5.484758162,-10.14374349,-2.581745903,16.43827075
24-09-2000,4.459389764,-10.76401058,-4.42526052,15.77761664
25-09-2000,7.635046856,-9.781959328,-5.245225307,13.60014556
26-09-2000,7.23986249,-8.758298607,-5.59243281,13.85091219
27-09-2000,5.384515717,-8.493364211,-4.222491575,13.33876951
28-09-2000,4.000919194,-9.322457991,-3.946590947,15.74682898
29-09-2000,4.49449969,-8.781065598,-5.2316559,15.34463563
30-09-2000,2.630835177,-8.988699014,-3.466296521,13.4511887
01-10-2000,3.089909434,-7.550245396,-4.452696895,14.05336639
02-10-2000,2.646933735,-7.350133203,-5.727978835,13.46195913
03-10-2000,2.74690686,-7.585494831,-6.413533615,12.06907623
04-10-2000,2.262352271,-6.630735429,-5.780432593,12.4020131
05-10-2000,2.336621281,-5.458282458,-7.909102641,13.22691939
06-10-2000,1.476058448,-5.805822504,-7.271173409,11.99613007
07-10-2000,1.732251718,-7.120936633,-7.943654159,12.09449788
08-10-2000,0.941904474,-5.350418218,-10.17660075,11.82389466
09-10-2000,1.615783522,-5.047366343,-10.66391214,12.2236636
10-10-2000,1.685837787,-5.370587383,-10.01803912,13.09628458
11-10-2000,1.956865648,-3.43693986,-9.544779178,12.93507595
12-10-2000,-0.164410125,-4.21858426,-10.52075921,10.82678287
13-10-2000,-0.701564679,-6.640465253,-11.09313222,11.27355089
14-10-2000,0.212202787,-7.036819748,-10.27909505,9.406851698
15-10-2000,0.643186212,-7.817026445,-11.28014187,9.274086164
16-10-2000,1.982815821,-7.557718939,-12.17210591,11.10645787
17-10-2000,1.747441893,-6.321925026,-11.2089876,10.02903355
18-10-2000,1.691464174,-5.696321793,-10.47823609,10.05649187
19-10-2000,1.80486002,-5.030242507,-9.320729053,9.190541455
20-10-2000,1.471291838,-5.18398213,-9.863153515,6.492081003
21-10-2000,2.257961426,-5.03940544,-10.91723485,6.040980018
22-10-2000,0.722703098,-4.355186,-12.57474519,5.789937608
23-10-2000,0.968456228,-5.402419789,-14.98836602,5.422487167
24-10-2000,1.605781938,-6.759295066,-14.16353831,6.136638148
25-10-2000,1.829050553,-7.843395268,-13.49875655,6.458074526
26-10-2000,0.50392559,-8.521641967,-13.91319681,6.395123475
27-10-2000,0.584653899,-8.71045275,-14.52749676,6.227653356
28-10-2000,0.670807316,-9.391045331,-13.00870238,6.818962499
29-10-2000,2.893462909,-9.11121369,-11.4008692,8.301860656
30-10-2000,3.654701028,-8.344860078,-10.52561656,7.762568196
31-10-2000,4.373389249,-7.50786456,-9.175708251,8.588075177
01-11-2000,3.887201665,-7.161833328,-8.821001331,7.801496946
02-11-2000,4.236377614,-6.160968679,-8.960234729,7.520402446
03-11-2000,4.097505926,-7.136115494,-9.66036024,9.226488295
04-11-2000,3.819991953,-6.038190069,-7.967823636,10.80680048
05-11-2000,4.328345618,-4.898643018,-6.53931052,11.57342817
06-11-2000,4.750083692,-7.565571724,-5.299283846,10.73213008
07-11-2000,4.990419352,-8.398972308,-5.64233639,10.10704128
08-11-2000,4.605451585,-8.420344521,-4.134477047,10.17063462
09-11-2000,4.366255674,-7.678114126,-4.817767157,9.961431973
10-11-2000,5.313280553,-7.338904677,-5.002697477,8.99502952
11-11-2000,5.430138007,-6.125701165,-5.948230986,7.836573629
12-11-2000,4.737069366,-7.087892152,-6.494358576,7.647919091
13-11-2000,6.126711363,-6.606182361,-7.464291852,5.961121591
14-11-2000,4.125560205,-6.787089594,-6.515090979,5.893892013
15-11-2000,4.333872395,-5.772168796,-6.226984603,5.651202257
16-11-2000,4.652132075,-6.38317549,-5.752954351,5.086895361
17-11-2000,4.039969741,-6.199944176,-5.700215522,4.710178179
18-11-2000,4.010377696,-6.654797998,-4.909862714,3.026392362
19-11-2000,3.9427956,-6.249192953,-2.104200413,3.373016454
20-11-2000,4.95104751,-5.357441248,-1.427793018,2.883112551
21-11-2000,5.050922516,-6.34055446,-2.122209869,2.950869546
22-11-2000,6.376051901,-7.473674613,-0.351760885,4.555372377
23-11-2000,6.197363374,-9.463160669,-0.724763165,3.328839272
24-11-2000,5.449739139,-8.278625526,1.288932448,3.096031176
25-11-2000,5.234824013,-8.118905414,2.908549617,3.528429167
26-11-2000,6.880951499,-8.322543248,3.102969938,4.196609446
27-11-2000,7.305302409,-6.929815256,4.915648251,4.747570566
28-11-2000,7.033241305,-6.572825242,4.025904834,4.098055328
29-11-2000,6.631945881,-6.158984581,3.955816329,2.89355424
30-11-2000,7.030521738,-6.817958541,3.680385452,3.367365523
01-12-2000,7.784011929,-4.447424392,3.670671345,2.774148135
02-12-2000,9.134595874,-4.043014828,3.819262189,4.497347874
03-12-2000,10.27076132,-4.997402108,6.193696265,4.793916752
04-12-2000,9.830155988,-4.123085354,7.723458337,2.889706236
05-12-2000,9.471132996,-3.896608758,7.27555445,2.461485141
06-12-2000,10.60803241,-3.875359405,8.031387591,3.024107432
07-12-2000,9.294793128,-4.5300117,5.699202544,2.166646259
08-12-2000,7.875211289,-5.199647895,5.86459373,1.652781925
09-12-2000,5.66484186,-6.430632693,6.819440091,2.22351677
10-12-2000,5.164168131,-7.456386141,7.316008345,2.743086436
11-12-2000,4.696693851,-7.402884861,8.217315722,2.436208419
12-12-2000,4.653721543,-7.825293275,8.933762499,1.998676875
13-12-2000,4.774620765,-8.185908511,9.714658913,2.542930946
14-12-2000,7.443666254,-8.748021754,10.57507508,2.955789949
15-12-2000,5.278778384,-9.292678172,10.86740856,2.480968369
16-12-2000,5.327136207,-9.177129178,9.921390622,2.838471554
17-12-2000,5.470398248,-8.798743816,9.008706985,3.302506405
18-12-2000,5.72419682,-7.890709754,9.421675322,2.064082351
19-12-2000,6.654318485,-8.589115447,9.864589129,2.23211361
20-12-2000,6.732512528,-7.642311422,9.787561614,2.476410002
21-12-2000,6.091608566,-8.061095825,8.532207436,2.64643123
22-12-2000,6.967730846,-7.509352051,8.989924227,3.400332922
23-12-2000,7.944465897,-6.89797617,8.12299277,2.678701119
24-12-2000,7.935576771,-8.223993399,10.36616567,1.872534535
25-12-2000,6.533005316,-7.825744617,11.7102059,1.802923586
26-12-2000,5.957950103,-7.033283784,11.8238924,2.806146813
27-12-2000,6.974475262,-7.383923807,12.66699283,3.028167983
28-12-2000,6.460637933,-7.590833016,12.17846899,3.529993429
29-12-2000,6.663294879,-6.544649708,11.0085312,4.132125294
30-12-2000,4.844626528,-6.79175613,9.90015366,2.093183239
31-12-2000,4.03730295,-5.70686618,10.81242774,1.141669736
01-01-2001,3.551744316,-4.444307335,10.79479394,1.427712132
02-01-2001,3.919726042,-2.207252553,11.87240494,2.318280931
03-01-2001,3.619988131,-1.60458203,11.46520012,2.393737929
04-01-2001,3.452479738,-2.387028652,10.55814914,2.000237933
05-01-2001,3.544623884,-3.358558611,8.990975881,0.584267936
06-01-2001,2.45697889,-1.304639066,6.389967329,1.119462859
07-01-2001,1.652707375,-1.068823149,5.569251299,1.235899987
08-01-2001,3.097718313,-0.527425695,7.059909266,1.763129005
09-01-2001,5.763316494,0.400292953,7.105713597,0.947854768
10-01-2001,5.037833358,-2.20326621,7.77220959,1.52106043
11-01-2001,3.467265181,-1.933699108,6.508059561,1.112382897
12-01-2001,5.401658864,-3.017052987,6.341069063,-0.281927575
13-01-2001,6.321456643,-3.247343777,6.439763083,-0.22224209
14-01-2001,7.155665266,-2.639633012,6.103821541,-1.385148184
15-01-2001,7.60203585,-2.165969889,4.817096334,-2.814240087
16-01-2001,8.576464328,-1.398785878,3.408003297,-2.721719523
17-01-2001,9.325665909,-1.460712209,3.042677807,-0.65687348
18-01-2001,8.744281544,-0.436258082,2.561591143,-1.00042972
19-01-2001,8.280799033,-0.47640765,2.851894637,-1.296395817
20-01-2001,9.117549317,-1.784968269,4.057290392,-2.713228012
21-01-2001,8.013220995,-0.830339753,5.575260735,-2.905703114
22-01-2001,9.042456042,-1.854290525,6.588444033,-3.589586725
23-01-2001,9.526700703,-3.117354649,5.180380207,-2.790152355
24-01-2001,9.704370343,-2.278727802,2.58489467,-4.036830004
25-01-2001,11.07730105,-0.969361585,2.533849622,-3.370131242
26-01-2001,9.897022606,-1.026785326,2.768300849,-3.552202216
27-01-2001,9.43467858,-1.832739811,3.639193694,-2.841977956
28-01-2001,9.964128081,-0.787805478,2.961903905,-1.926426285
29-01-2001,8.877086023,1.706284387,1.622614813,-3.433184237
30-01-2001,7.593083661,2.215708499,0.958434083,-3.638586254
31-01-2001,8.992665629,1.22459394,1.539289466,-2.724515488
01-02-2001,10.30589548,0.061091175,1.145167825,-2.886140814
02-02-2001,10.8120266,0.127196034,1.190572047,-3.87788177
03-02-2001,10.43568036,-0.811510655,1.875468154,-5.061762883
04-02-2001,10.12512894,-3.371735379,1.354710971,-6.354642039
05-02-2001,9.92471026,-3.819548673,1.589641198,-6.495989571
06-02-2001,8.040883151,-2.503495369,1.081044351,-4.713737059
07-02-2001,7.489531818,-0.253311605,3.146378767,-5.314131286
08-02-2001,5.935556326,-2.810185498,2.895311757,-5.361437804
09-02-2001,5.901144787,-3.923755402,4.2631273,-5.146783145
10-02-2001,4.333171145,-5.839238233,6.203123514,-5.823149812
11-02-2001,5.347146226,-6.246454046,6.466236973,-5.924734051
12-02-2001,5.929597899,-3.958404804,4.224422227,-6.927904111
13-02-2001,7.095601078,-3.624355573,3.848278905,-7.022618983
14-02-2001,7.370767145,-2.747240605,3.90291588,-6.841315725
15-02-2001,6.774823129,-3.116211547,3.467243359,-5.212473512
16-02-2001,6.260173377,-2.166419245,3.341961673,-3.486381356
17-02-2001,5.986660394,-1.890310253,3.243111724,-4.096698737
18-02-2001,8.561295632,-2.527201533,4.233222637,-4.108093721
19-02-2001,9.942380385,-3.592727481,5.38076236,-4.424538877
20-02-2001,10.96666372,-0.243443147,5.766333316,-3.287770083
21-02-2001,10.44859963,0.545656387,4.674351324,-1.852298436
22-02-2001,10.07789374,0.533924004,5.85313642,-3.240945376
23-02-2001,10.15296797,1.716682541,6.407568049,-2.713401979
24-02-2001,10.09051867,1.539340473,7.097060887,-2.521226523
25-02-2001,9.797968763,1.212716072,7.390253385,-1.683920797
26-02-2001,11.27975423,1.267754767,8.116760071,-1.453646196
27-02-2001,13.59473003,1.545267632,9.187468298,-1.599620035
28-02-2001,13.94823841,1.892746917,8.018912592,-0.894077408
01-03-2001,16.24730498,2.104363728,8.287329149,0.081429777
02-03-2001,15.86118898,1.51324891,7.182077891,1.087732348
03-03-2001,16.50799205,1.237216758,7.516923008,2.110866348
04-03-2001,15.60196929,0.978763392,8.062562062,3.957189034
05-03-2001,16.26375734,1.229021206,6.822208715,2.90082282
06-03-2001,15.20151,1.021727519,5.979028392,2.304378461
07-03-2001,16.32990673,1.570571398,3.749981141,4.555987453
08-03-2001,17.07326884,2.677461027,3.680053087,4.614027746
09-03-2001,16.35316133,0.807413802,4.231803179,7.084512434
10-03-2001,15.55535046,1.311112159,4.505777516,7.252094615
11-03-2001,17.32191125,1.483869107,5.014919836,6.726980455
12-03-2001,17.70632179,0.733399344,3.973707425,6.572759452
13-03-2001,17.35324738,2.913136261,3.566717651,5.995859911
14-03-2001,18.70855248,1.91464352,4.881128915,6.07160305
15-03-2001,19.5796739,2.045579932,3.289323998,6.313561665
16-03-2001,20.81063723,1.128408122,3.716156165,7.149065846
17-03-2001,21.05278075,1.061591585,3.261969564,7.271245195
18-03-2001,21.00775417,2.150664362,4.933411583,7.180337004
19-03-2001,21.11534295,2.444370182,4.351089959,6.561968562
20-03-2001,19.28189976,2.705498511,4.063683898,6.307717436
21-03-2001,21.97959952,1.99291645,3.81366069,5.411621117
22-03-2001,21.56117887,2.722530951,3.295502829,5.469701969
23-03-2001,20.88064323,2.856242546,3.408274458,6.735305495
24-03-2001,19.64309225,2.739403469,4.515598632,4.429708515
25-03-2001,18.48787785,2.371074832,3.255002617,4.044964688
26-03-2001,17.77480562,2.455112977,1.774816258,4.696528294
27-03-2001,19.98220704,3.0242135,1.896743325,4.438634865
28-03-2001,20.19132181,4.896048663,3.296812226,3.513824654
29-03-2001,20.19410091,4.968851875,3.396168961,3.19527159
30-03-2001,20.74263795,6.370661196,4.037296049,5.184139344
31-03-2001,21.05103941,5.487735603,4.276859422,5.467615876
01-04-2001,18.59511357,5.390262792,3.939903196,4.522751023
02-04-2001,18.97419348,4.674488,2.671769519,4.562781984
03-04-2001,18.54401044,5.158160302,4.206030916,6.332898009
04-04-2001,19.03347557,5.176722618,4.578095139,7.783702951
05-04-2001,17.43021787,3.476822888,5.347416296,8.139631056
06-04-2001,17.39512961,4.237822914,6.527209881,8.636650971
07-04-2001,18.14584928,3.335484823,7.024161693,9.862046032
08-04-2001,18.81157352,3.298034895,7.685223127,8.542987782
09-04-2001,18.15852089,1.332182671,6.633454199,8.052258247
10-04-2001,18.43144456,0.457650416,7.475678467,8.4057729
11-04-2001,19.68320182,0.934917762,6.671297478,9.266231184
12-04-2001,19.39231793,1.130236255,9.708026649,8.614381868
13-04-2001,21.07671608,0.316007312,8.865471748,8.920301752
14-04-2001,22.26372674,0.662126476,8.413666868,9.30144601
15-04-2001,22.98038515,0.261599099,8.620216863,8.210188971
16-04-2001,22.51542121,-1.305860687,6.949051511,8.903739049
17-04-2001,24.26017537,-1.31918095,7.833216542,8.908898829
18-04-2001,22.60313358,0.648261228,6.449014468,10.02733261
19-04-2001,22.91863649,-1.472195725,8.199400121,10.28442285
20-04-2001,24.57484079,-1.203030522,8.334752681,10.90955317
21-04-2001,24.7248642,-0.646374407,7.407257875,12.0513123
22-04-2001,24.3020328,-0.612980782,5.293098288,10.72487574
23-04-2001,24.80203995,0.357891145,5.090351929,11.77971849
24-04-2001,24.23719113,0.372352406,5.911103955,11.06402637
25-04-2001,23.65308029,-1.073092649,6.287040046,11.97667343
26-04-2001,23.68600006,-1.345437078,4.620310475,12.31201062
27-04-2001,23.14795995,-1.029888203,4.067974425,13.14880296
28-04-2001,22.82537927,0.416536121,4.031273816,12.5380156
29-04-2001,23.90610083,1.503244852,3.196112746,12.65261302
30-04-2001,22.5236598,0.808649801,4.282557709,11.96946935
01-05-2001,22.93981199,-1.161267152,4.126219485,12.53581535
02-05-2001,24.23557346,-0.66787413,5.022019859,11.14313802
03-05-2001,23.8823055,-0.480346065,3.030578803,13.58748857
04-05-2001,25.56802273,-0.083341644,1.939615539,15.43668731
05-05-2001,26.20554597,0.534474639,1.885990986,15.58642581
06-05-2001,27.67234951,1.946448793,2.123980266,15.10795447
07-05-2001,29.15739916,1.375121955,2.902506887,16.5450049
08-05-2001,28.80123819,0.887895575,2.301901224,17.16264254
09-05-2001,28.94793559,2.886025372,2.268789497,18.13626823
10-05-2001,29.33117432,2.032507696,2.503360554,17.69409047
11-05-2001,30.31769803,2.657708016,0.593792418,18.11373657
12-05-2001,30.57968764,1.570738656,-1.023661843,19.88487503
13-05-2001,30.49300064,0.97690209,-0.695138541,18.42983572
14-05-2001,28.05398515,0.052015355,-2.063967688,19.07803901
15-05-2001,27.52078681,0.811058099,-3.066615923,17.94010366
16-05-2001,25.92246025,-0.103909126,-3.426975981,17.43999171
17-05-2001,25.29926104,0.768599591,-2.685385125,17.46485874
18-05-2001,25.27271679,1.434700042,-1.424136269,17.19384932
19-05-2001,26.04067233,2.183086834,-0.101217039,15.29535395
20-05-2001,26.59422776,2.513322107,0.015484029,15.35830329
21-05-2001,27.31970386,0.117889056,-0.823980719,14.9331015
22-05-2001,26.7686256,0.742066106,0.409645218,15.61358573
23-05-2001,26.66494539,0.465858572,1.063470027,15.57079494
24-05-2001,26.92850439,0.259961588,-0.106413995,15.15831194
25-05-2001,28.71518593,-0.131519125,0.861504678,14.33641383
26-05-2001,28.79578335,-0.050166456,1.34233091,14.3898075
27-05-2001,28.43752047,0.315006865,0.782478149,15.39509149
28-05-2001,27.19902415,1.826923368,1.568435536,13.7663619
29-05-2001,28.6842572,1.423918517,1.307479676,13.19503496
30-05-2001,27.43848088,2.602289864,1.956272355,12.16242445
31-05-2001,25.86847823,0.091242106,1.608885153,13.30655078
01-06-2001,27.36607579,0.759585902,1.581254135,11.53522915
02-06-2001,28.12967571,0.649244283,1.500985449,12.16648784
03-06-2001,29.2471458,0.621010028,2.135321362,11.74975439
04-06-2001,29.97727563,1.788239316,2.603807531,12.74734904
05-06-2001,30.31568194,2.255916666,3.164229153,13.3974835
06-06-2001,32.21837542,0.877654698,1.714084925,13.7771234
07-06-2001,30.97409885,0.18952259,0.706109962,12.51016916
08-06-2001,31.6311184,1.783622202,1.088960216,12.80120772
09-06-2001,30.55057353,2.367924217,0.411481401,11.24725271
10-06-2001,30.29105361,2.145312035,-0.62734998,10.11015684
11-06-2001,28.37787032,2.537149863,0.991074418,10.86702305
12-06-2001,27.6401191,3.640445751,0.763222619,11.09086527
13-06-2001,29.96845252,5.649016271,-0.197314224,11.40402759
14-06-2001,29.76412133,5.98915016,-0.593592276,10.02726597
15-06-2001,28.89849028,6.153991686,-1.368590417,10.6967901
16-06-2001,27.09218549,6.201203825,-1.55717174,9.649308786
17-06-2001,26.81146113,6.590517901,-0.927289409,9.582866447
18-06-2001,27.17905287,6.894042907,-0.760998865,9.022762285
19-06-2001,26.40168272,6.024272023,-1.351484399,10.14998049
20-06-2001,25.05243263,5.80511515,-2.355879627,11.31598861
21-06-2001,26.05712787,6.340288047,-3.996771102,10.9760709
22-06-2001,25.96612902,6.403751776,-4.779594955,9.307760858
23-06-2001,25.90717575,8.231258863,-4.257865887,8.05506177
24-06-2001,25.79650511,7.711004708,-4.222287238,7.392692985
25-06-2001,25.41581158,7.845446545,-6.266476581,7.257452989
26-06-2001,26.11059961,7.720946659,-5.97100774,7.250564211
27-06-2001,25.15586435,7.832917814,-4.119691265,7.315812797
28-06-2001,25.69274111,8.436268483,-5.238701906,8.216773188
29-06-2001,24.44939366,9.436540779,-5.60080423,7.570357586
30-06-2001,25.08840845,10.31653332,-5.442250318,8.541719379
01-07-2001,25.6540513,11.29324969,-6.367262759,8.592198551
02-07-2001,25.87291362,11.85141925,-7.90204744,8.820891941
03-07-2001,24.96395851,12.09908722,-8.524833452,10.07082934
04-07-2001,26.23709947,11.49496169,-8.190861749,10.76526739
05-07-2001,26.90620337,11.35230665,-8.403991142,11.7566775
06-07-2001,26.19373592,11.58445083,-7.517090066,9.133002656
07-07-2001,24.39922748,11.17028946,-7.228873294,8.747496622
08-07-2001,23.28478201,10.97486797,-7.753287266,9.506204537
09-07-2001,24.2071102,10.48400926,-7.590417527,9.632638071
10-07-2001,24.37264509,10.62530863,-7.490555793,11.20084602
11-07-2001,24.59468279,9.656965102,-8.01762263,11.23570905
12-07-2001,24.56224305,9.461163985,-9.46280447,11.09410731
13-07-2001,24.6413012,9.742717343,-8.545696864,10.61577783
14-07-2001,26.02133764,9.981445256,-8.448795331,9.612542378
15-07-2001,24.72385081,8.44119346,-9.037732481,9.317391377
16-07-2001,24.28575944,7.009418712,-9.374361489,10.50201369
17-07-2001,23.19549021,8.388273408,-9.557656817,10.540015
18-07-2001,22.29771899,8.920268097,-10.97357618,9.851746053
19-07-2001,21.23615807,8.848124571,-11.68757521,10.32723068
20-07-2001,21.56197138,8.546793326,-13.79463509,10.99798108
21-07-2001,20.88260266,10.47982867,-12.96090032,11.42167993
22-07-2001,21.34244376,11.45837233,-14.37201039,10.42935592
23-07-2001,20.91537319,12.90677494,-14.01987356,9.100928143
24-07-2001,19.91022274,14.43916905,-14.94841928,11.81810702
25-07-2001,17.61002208,14.07469707,-13.94386457,13.36499405
26-07-2001,18.28710045,15.45719958,-15.32141502,13.3119048
27-07-2001,19.01111989,18.4154065,-14.0907647,12.40513471
28-07-2001,20.242958,18.19917467,-13.07040812,12.32443216
29-07-2001,19.13083889,19.35070395,-12.86468034,11.55367663
30-07-2001,20.14685997,19.31612811,-11.72928957,12.27756334
31-07-2001,19.65983741,19.33948803,-13.29057894,11.99938733
01-08-2001,19.61266312,20.62514323,-12.6561761,12.08677992
02-08-2001,18.87445393,20.35800361,-13.97198531,12.80724556
03-08-2001,18.03342464,21.94299221,-14.53756126,13.61494784
04-08-2001,18.52554936,23.39511571,-13.40808837,13.03186367
05-08-2001,17.57098041,25.17560385,-12.09613369,13.72761173
06-08-2001,17.21198598,24.4973146,-11.958831,15.44700272
07-08-2001,16.97748846,23.27596129,-13.15272839,15.62905323
08-08-2001,18.65752661,23.12718215,-13.17153378,17.10681373
09-08-2001,18.54821733,24.02913215,-13.36305558,18.43062192
10-08-2001,17.6317788,23.54252582,-14.35842314,17.5704406
11-08-2001,17.9206921,22.44351954,-13.33784501,16.17591872
12-08-2001,17.6274089,22.58287581,-11.72811757,15.48160462
13-08-2001,18.5152974,21.9228479,-12.82313161,18.13022496
14-08-2001,17.9200054,21.44233245,-13.50111717,16.18767444
15-08-2001,19.7924383,22.67934441,-15.23424913,17.08005114
16-08-2001,19.43307049,23.48302097,-15.18337482,17.65302911
17-08-2001,18.95142636,22.3114219,-15.64486913,18.44182713
18-08-2001,18.4400034,22.76502667,-14.00223794,17.83203595
19-08-2001,16.69772433,25.16261973,-12.68165728,19.10867358
20-08-2001,17.04781232,26.29848797,-12.01638319,16.78801805
21-08-2001,16.8083397,26.31914736,-10.65930513,16.79974017
22-08-2001,17.11560841,26.48157286,-11.54382678,18.02589671
23-08-2001,16.42887809,26.85195543,-11.53996219,18.95157428
24-08-2001,17.27051609,26.83203054,-12.37602216,19.18908733
25-08-2001,17.37202456,28.95242532,-11.28187329,20.73771769
26-08-2001,18.02289394,26.46157665,-11.06232765,19.15033865
27-08-2001,18.52821974,27.38391866,-9.772948059,19.50673772
28-08-2001,19.64521325,25.81582304,-11.88029487,18.9727635
29-08-2001,21.22783977,26.94915179,-12.44519131,19.12082306
30-08-2001,22.71822877,25.07239832,-12.17489768,18.12940207
31-08-2001,22.18926195,24.63603585,-10.61219934,18.16818975
01-09-2001,20.2017558,25.01572428,-11.51184647,16.77083933
02-09-2001,19.88952115,24.69269959,-12.938751,18.36877204
03-09-2001,20.70611529,23.89088797,-14.0445131,17.40119315
04-09-2001,18.9365807,23.65712552,-13.61710212,17.173759
05-09-2001,19.93509696,22.77590894,-11.28471484,15.632756
06-09-2001,19.6181925,23.61435811,-11.38045426,15.27731878
07-09-2001,20.3091606,25.51685814,-10.92820126,15.42061308
08-09-2001,20.4137974,26.15149423,-12.10342493,14.86936446
09-09-2001,21.8010225,25.78545686,-11.28994566,14.09670413
10-09-2001,24.65519472,25.15894686,-12.35395652,13.99219388
11-09-2001,24.54515343,24.59033005,-10.85380347,12.47549524
12-09-2001,24.22934273,24.68239361,-11.63099201,12.65283049
13-09-2001,23.50843468,25.92063657,-9.430230735,12.72099029
14-09-2001,23.78199578,27.87632675,-8.927149113,12.99445772
15-09-2001,23.94057661,26.63745122,-8.989909244,13.71283791
16-09-2001,22.72885117,25.85042045,-10.12178567,12.13678829
17-09-2001,24.26036509,25.9065577,-9.945945596,12.79118585
18-09-2001,24.84092292,26.58000832,-9.906121539,12.3599211
19-09-2001,23.8987221,27.52851913,-9.505807736,10.7639676
20-09-2001,25.0268987,27.96122615,-8.913170645,11.38766478
21-09-2001,25.69133934,28.2313249,-9.792008434,12.29156273
22-09-2001,26.27970042,30.21884992,-8.954395923,11.90095359
23-09-2001,26.90606182,29.90351101,-10.74527253,13.27561847
24-09-2001,26.29653208,31.45291586,-10.52824977,13.69416571
25-09-2001,26.5113791,30.93811971,-10.42452916,14.23614985
26-09-2001,27.49153072,33.12403341,-9.150141246,13.43777665
27-09-2001,26.26351739,32.38190234,-8.51616643,12.18359915
28-09-2001,26.63643244,33.86895536,-9.890705547,11.14229413
29-09-2001,26.42478961,33.2054946,-9.852318208,10.99895796
30-09-2001,24.21491227,31.05436467,-10.97017481,13.26557858
01-10-2001,24.519872,30.91113229,-12.08364549,14.33337436
02-10-2001,24.23684888,30.44200414,-11.25043497,14.63590785
03-10-2001,24.67532004,29.89146597,-10.47187469,14.32163405
04-10-2001,25.52961909,29.4300196,-11.34096854,14.543389
05-10-2001,26.27926178,29.20858614,-11.36986327,13.37464963
06-10-2001,25.96886172,28.70317175,-12.82035358,13.56257062
07-10-2001,26.15819818,28.86933931,-12.37250638,13.14428796
08-10-2001,26.7822915,29.26270481,-11.50477745,15.01451486
09-10-2001,26.75022658,30.12617171,-11.81960831,13.77118714
10-10-2001,26.10438317,29.72706399,-13.09449801,13.07162583
11-10-2001,26.72738859,29.05606007,-15.19422723,11.73758998
12-10-2001,27.72691143,28.86412415,-16.68138892,10.7918821
13-10-2001,28.72635806,27.84782297,-15.06620736,10.82126328
14-10-2001,27.24181983,29.19982078,-15.7626227,10.22832749
15-10-2001,27.97884633,30.73198614,-18.20331758,8.102044324
16-10-2001,29.49794082,28.72253698,-17.48246541,8.424540603
17-10-2001,29.36839256,27.72565238,-16.60740024,6.985456705
18-10-2001,30.76159825,28.86449203,-16.61231948,7.741438727
19-10-2001,30.97848545,28.94890576,-15.87215184,8.569003858
20-10-2001,30.85368901,29.52366029,-16.97094607,8.031094626
21-10-2001,30.69624309,29.75200861,-16.90584737,7.78137814
22-10-2001,32.45242507,28.70065079,-17.49236264,7.897521445
23-10-2001,31.62609982,28.15215844,-17.32824624,8.229854392
24-10-2001,33.37229748,27.3006446,-17.01744473,7.692806431
25-10-2001,31.28987906,29.00105806,-16.90071146,6.358230011
26-10-2001,31.0924579,28.29337536,-17.22465324,7.517128959
27-10-2001,31.82456679,26.52812861,-16.98508116,6.803104383
28-10-2001,32.01943839,25.75350253,-16.83775189,6.404643212
29-10-2001,31.11358113,26.27192868,-16.47685749,5.96009163
30-10-2001,31.89810988,26.574662,-16.70539786,5.449618566
31-10-2001,32.30125926,24.97352141,-18.08630582,7.286104442
01-11-2001,32.97749369,25.91728468,-18.22195022,8.503863512
02-11-2001,32.97502469,28.17386291,-17.88100626,7.041942995
03-11-2001,32.97261933,27.54286661,-15.67890751,6.842786917
04-11-2001,32.25470444,27.35717289,-15.58139913,5.29131863
05-11-2001,33.55658879,27.92646137,-17.06140246,6.284458099
06-11-2001,34.57642668,29.18676877,-18.19373811,5.872175263
07-11-2001,35.15961643,29.87146554,-17.99597508,5.466767444
08-11-2001,36.11584935,29.12373538,-17.15000042,6.193647562
09-11-2001,34.55139551,29.64635973,-17.12095666,7.47272479
10-11-2001,33.41695237,30.95049667,-17.38509693,8.068689567
11-11-2001,33.70905174,30.59239481,-17.90446882,8.222337036
12-11-2001,35.48136605,30.24596009,-17.99193091,8.767212844
13-11-2001,34.72284404,29.13830791,-16.75392116,8.082317986
14-11-2001,34.86319186,29.20880086,-18.98069049,8.162363091
15-11-2001,37.31733614,32.38567851,-18.98269363,10.28897735
16-11-2001,36.48538404,31.47274155,-17.16193877,11.1908362
17-11-2001,37.32062811,31.5564481,-15.39376842,11.14431995
18-11-2001,37.92322714,31.80511167,-16.66457712,11.19444395
19-11-2001,37.37422944,30.64782038,-16.54290025,11.31052868
20-11-2001,39.00644457,29.52413723,-17.1736042,12.25383638
21-11-2001,40.3549007,31.24953771,-15.93630618,12.49411719
22-11-2001,39.33296541,31.96548731,-16.88568747,12.740674
23-11-2001,38.51721617,32.65477762,-17.66637002,12.21358224
24-11-2001,37.34931082,32.77970345,-18.44275708,12.98152233
25-11-2001,34.80667168,32.58376889,-18.90879402,12.35341472
26-11-2001,35.93015999,32.87191047,-19.10486388,13.67591256
27-11-2001,35.3734604,33.52326253,-17.8969704,14.33009666
28-11-2001,35.71325497,33.71369864,-18.39032262,14.8344016
29-11-2001,34.10684554,35.41908864,-18.78583276,15.76585921
30-11-2001,33.27813954,36.29401278,-20.22580542,15.918572
01-12-2001,32.56532697,36.13674555,-21.21249526,16.69094023
02-12-2001,32.17730588,37.06736762,-20.99249091,17.34375318
03-12-2001,31.92970329,38.29470055,-21.60353098,17.01539175
04-12-2001,31.73020094,37.30177333,-22.58806837,15.30220271
05-12-2001,33.40852833,38.30223838,-21.94295909,15.93819618
06-12-2001,33.57525433,38.39390068,-22.77640116,16.01580425
07-12-2001,34.97194815,38.9499443,-23.49690599,15.43471678
08-12-2001,33.88665434,38.50396364,-21.16445772,13.17775214
09-12-2001,35.65986023,38.29847031,-22.44167862,13.8129894
10-12-2001,34.72984755,38.8224106,-21.24105339,12.58208864
11-12-2001,35.08589317,37.61159571,-21.47783088,12.39975279
12-12-2001,34.43099538,36.99149436,-22.21508687,13.11617538
13-12-2001,34.52773923,37.08409423,-21.6810294,14.14529152
14-12-2001,35.16067958,36.68736298,-21.66315525,14.42596725
15-12-2001,33.30013916,35.95446116,-18.80624045,13.82416938
16-12-2001,35.62872374,37.23491423,-17.18765683,14.81665234
17-12-2001,33.53142801,36.01298313,-17.667724,15.31819772
18-12-2001,33.41660264,36.95638551,-19.47437296,15.27859502
19-12-2001,34.27147136,37.22786991,-19.64378198,15.24809509
20-12-2001,36.00092378,36.81511165,-20.18487684,15.83891825
21-12-2001,33.52366995,36.08623334,-21.29075994,15.64070125
22-12-2001,34.20807633,36.17161751,-20.70207275,16.59551853
23-12-2001,35.6898278,36.72680183,-19.8720069,18.36406672
24-12-2001,36.37065268,36.72117905,-20.16469141,18.8495527
25-12-2001,36.89799392,36.0988867,-21.06322631,19.74123521
26-12-2001,38.48806493,36.34744484,-20.38083603,19.80985671
27-12-2001,37.39944473,36.14021236,-21.75747869,21.18400567
28-12-2001,38.22591124,36.04586649,-22.62486875,20.85459036
29-12-2001,38.37654755,35.68551632,-23.40523049,22.12797732
30-12-2001,35.77896151,36.65427572,-21.70159004,24.16269858
31-12-2001,35.00370781,38.32621136,-21.65823826,23.37334009
01-01-2002,34.86724046,39.50569542,-22.13612467,22.13619811
02-01-2002,35.25736956,38.83720194,-21.26064988,22.59238826
03-01-2002,34.3468484,38.78671693,-21.70283725,23.18615749
04-01-2002,35.13853424,38.5605576,-22.11535539,22.29248874
05-01-2002,34.12027559,38.61965743,-23.05892332,22.00058728
06-01-2002,34.64078545,38.12166636,-22.15902566,20.63427221
07-01-2002,36.55136887,39.0634532,-22.21705304,19.84336936
08-01-2002,36.63294195,38.58142113,-21.00977214,19.07124491
09-01-2002,36.9545241,37.2338987,-20.04879255,19.97736994
10-01-2002,36.63888958,37.3631931,-20.23373228,20.81514758
11-01-2002,36.09670691,37.25480781,-22.46910696,23.02826684
12-01-2002,36.09679716,37.64542583,-21.31550408,22.5185712
13-01-2002,36.94361764,37.39387015,-23.15990036,22.8768422
14-01-2002,38.36872028,38.54129708,-22.73135128,22.54129049
15-01-2002,37.76587735,38.70297558,-21.74781169,21.89713518
16-01-2002,38.98730254,38.5492264,-21.60477711,21.02782773
17-01-2002,39.47006466,39.96338544,-20.74447205,20.76128941
18-01-2002,39.03340646,39.94074064,-20.41480028,19.83752734
19-01-2002,39.07693072,39.55437093,-18.57219848,17.11316287
20-01-2002,37.98910992,39.08894446,-18.62347442,16.51563006
21-01-2002,38.19306257,39.52724301,-19.05706369,15.19451119
22-01-2002,38.10298431,40.33450486,-18.47556237,15.85981797
23-01-2002,39.84297169,41.08707166,-17.29883144,15.35959341
24-01-2002,41.68329613,41.90346958,-18.80940616,16.47031228
25-01-2002,42.75422729,42.79341242,-18.01753948,16.33218591
26-01-2002,43.277141,43.63880456,-17.64366083,17.76361782
27-01-2002,42.8768897,44.85717004,-16.41149027,19.52959803
28-01-2002,43.23387882,45.88824208,-18.75348879,19.64743171
29-01-2002,42.72118497,44.54327828,-17.80622769,17.52264813
30-01-2002,43.31026624,44.78120879,-16.69952434,16.83431283
31-01-2002,45.49918213,44.48521341,-15.2654004,16.84934414
01-02-2002,45.77074506,46.08240071,-14.73693617,17.57093319
02-02-2002,46.08217745,44.3896329,-15.25158473,16.29757276
03-02-2002,46.63929885,43.61624167,-17.30640168,16.25526519
04-02-2002,47.63359181,43.76878064,-17.44939077,17.48456744
05-02-2002,46.52248357,44.07521016,-18.0398158,16.24710281
06-02-2002,45.66763313,43.36152321,-17.88115834,16.77804992
07-02-2002,44.62838242,42.81796543,-16.3240604,17.5859776
08-02-2002,44.28143314,44.66032016,-16.01330802,17.85003949
09-02-2002,46.27951864,42.57987944,-16.13451578,18.54698873
10-02-2002,47.67379095,41.85856988,-14.98830623,20.47401166
11-02-2002,47.34338872,41.8636968,-16.2893488,19.64715938
12-02-2002,48.79449957,42.12553883,-16.42493457,19.81386433
13-02-2002,48.60562867,42.08913675,-17.02363339,20.25988226
14-02-2002,50.01274281,42.2493143,-16.97107278,20.87002825
15-02-2002,51.07126397,42.38255311,-17.34649735,18.54318228
16-02-2002,52.1952781,43.92239278,-15.99012988,19.32887657
17-02-2002,51.05615402,42.66596452,-16.05372721,19.37480441
18-02-2002,51.24453263,42.31591288,-15.39454187,20.86632423
19-02-2002,50.14735608,42.45635019,-15.17297581,19.33772251
20-02-2002,49.18704651,42.62019609,-14.06585814,17.68239922
21-02-2002,48.30769775,43.11546401,-13.58300035,16.97596813
22-02-2002,48.51774387,43.48357372,-12.64991281,18.39795961
23-02-2002,48.76467174,45.15119398,-10.44258353,17.87508137
24-02-2002,48.45256992,44.58778493,-10.34136077,18.00352284
25-02-2002,47.1996122,45.27828826,-11.37413823,17.96908298
26-02-2002,45.08786597,45.77129439,-11.15358842,15.39903999
27-02-2002,45.18334051,44.01644697,-10.13002207,16.2034655
28-02-2002,45.14590665,45.01685085,-10.31120676,16.1443635
01-03-2002,44.88909524,45.61129546,-10.88109511,17.05592615
02-03-2002,46.87507882,44.84101663,-11.73093233,17.67260931
03-03-2002,45.82879153,43.97250009,-13.21815873,17.1096338
04-03-2002,46.29512983,45.78587778,-11.02719151,18.07031201
05-03-2002,45.24264465,44.46313371,-10.94615815,17.3446586
06-03-2002,45.40688151,44.82294863,-11.5203419,17.15219915
07-03-2002,44.01791401,44.19809111,-12.84889105,15.79496755
08-03-2002,44.72888225,44.63224658,-12.61185175,17.04236064
09-03-2002,43.7360186,45.59659177,-13.51608829,17.26222902
10-03-2002,44.23935579,45.4899857,-14.15903805,17.88228988
11-03-2002,44.31718256,44.43886822,-14.66350658,18.45785523
12-03-2002,45.04826806,43.88760452,-14.11407126,16.38431711
13-03-2002,45.86338792,44.0700861,-14.31014259,16.51979617
14-03-2002,45.59579498,44.02460172,-16.09839649,17.22772077
15-03-2002,44.38321498,43.98600856,-16.14794951,16.75142141
16-03-2002,44.17338543,45.82414571,-18.1519991,16.79347706
17-03-2002,41.66990946,46.9801755,-18.91049053,17.05296097
18-03-2002,41.17829247,46.94538761,-19.95992183,16.68266295
19-03-2002,40.58120778,45.50312961,-20.66147392,17.76285451
20-03-2002,40.10748879,44.10341567,-19.6619403,18.28418523
21-03-2002,39.99626504,43.35935167,-19.20505135,19.29301439
22-03-2002,39.38050098,44.43778194,-20.38492999,18.99878325
23-03-2002,38.60840914,46.01905031,-20.79435623,19.64281321
24-03-2002,40.92520407,48.4778681,-21.21078978,19.61187805
25-03-2002,40.71256454,50.05340358,-20.22588549,17.62930981
26-03-2002,44.03417236,49.67474995,-19.83881564,17.6936615
27-03-2002,44.4150001,49.97354611,-19.39595649,17.59365302
28-03-2002,44.87424396,49.98635804,-20.45576112,17.35359902
29-03-2002,44.18047582,49.42903208,-20.07233499,16.33237117
30-03-2002,43.56250269,49.03222759,-20.70006978,15.68735297
31-03-2002,41.79908747,48.77028117,-20.96169166,15.45944666
01-04-2002,40.28198189,50.18082968,-21.00815036,13.67666922
02-04-2002,41.25266824,48.00068714,-19.683783,13.5470551
03-04-2002,44.25167878,48.96041218,-17.52403302,14.34987197
04-04-2002,43.20299473,49.87445345,-18.80331048,14.23458542
05-04-2002,43.60653986,49.75864356,-18.26964195,14.68226575
06-04-2002,42.97636132,49.31569419,-18.34394969,11.43633842
07-04-2002,42.11847258,50.07596579,-17.69956991,10.56149621
08-04-2002,41.36963293,48.53217765,-17.46655604,10.25495543
09-04-2002,41.68116045,49.48302922,-18.63887013,9.934220718
10-04-2002,41.57152086,48.36325119,-17.3642542,10.26115891
11-04-2002,41.45059751,47.59806121,-18.28754098,10.7693156
12-04-2002,41.57735434,47.85238731,-16.88924195,11.78448141
13-04-2002,41.90048763,47.22277149,-15.77854075,10.74209159
14-04-2002,41.96351116,46.94281611,-17.69379302,11.9418125
15-04-2002,41.62630749,47.27312784,-17.40236802,13.47810855
16-04-2002,40.89217376,47.6512002,-16.77963942,12.28614217
17-04-2002,40.73104088,48.5261892,-17.15326702,12.61583566
18-04-2002,39.94883497,48.23023779,-14.88850859,13.16272713
19-04-2002,40.61687935,49.66661682,-13.49008848,13.88144714
20-04-2002,40.8223117,50.20905841,-14.26996232,13.98172631
21-04-2002,39.62132835,50.82674067,-17.03793058,14.90044461
22-04-2002,39.78272042,51.79989414,-17.88051955,14.60562271
23-04-2002,40.52988998,50.92906558,-18.70735052,13.28987917
24-04-2002,39.08625694,49.31834704,-20.6969031,13.96752348
25-04-2002,37.80798035,47.76162081,-19.83463872,14.24583409
26-04-2002,39.30360997,49.73585523,-19.4598573,14.52450579
27-04-2002,39.66359517,49.66652573,-20.63887622,13.81308548
28-04-2002,40.19537959,50.89109043,-22.0332269,14.10643788
29-04-2002,39.51713327,52.13903837,-22.48232559,13.08711849
30-04-2002,38.66539145,50.58040492,-21.92631038,13.00398067
01-05-2002,38.95149048,50.94295693,-21.51598328,12.40846748
02-05-2002,39.84116958,51.53435311,-22.17219457,12.39037757
03-05-2002,40.51585918,50.54980835,-21.9559057,11.26013357
04-05-2002,40.24173399,49.57490101,-22.49086283,11.56531672
05-05-2002,41.46313558,50.11638358,-21.61484975,12.65062721
06-05-2002,41.08856927,49.43091136,-21.32121821,11.88213169
07-05-2002,40.83497939,48.28751672,-19.6718215,13.08059894
08-05-2002,39.83616015,47.85119297,-19.02173831,12.39040332
09-05-2002,40.3886395,47.50315305,-19.62514386,11.71086686
10-05-2002,40.57579162,48.34947349,-20.47863036,8.657084981
11-05-2002,39.44693853,47.12328452,-21.56861374,6.165731882
12-05-2002,39.14353057,46.64337875,-22.20676554,7.317933172
13-05-2002,39.4873175,45.06110212,-20.73690098,7.462653056
14-05-2002,39.36804796,45.32568195,-21.50636485,8.389223869
15-05-2002,37.90084214,44.97385319,-21.69393763,8.682219404
16-05-2002,38.96563866,44.38421982,-21.26046294,7.799520023
17-05-2002,39.32947401,45.40897029,-21.6290525,8.772724304
18-05-2002,38.24170116,45.31010695,-20.28261546,9.645422315
19-05-2002,40.20269432,47.40616986,-22.07224171,9.697870742
20-05-2002,41.13233172,49.23017931,-22.24677972,8.568192244
21-05-2002,41.81057813,49.81101357,-22.43808248,9.534230528
22-05-2002,41.40624567,49.63108809,-22.97341545,11.04781618
23-05-2002,40.72984682,49.24078087,-22.96135473,11.63438378
24-05-2002,38.93859982,49.94819354,-21.95431465,13.67694998
25-05-2002,40.75248776,50.59680713,-22.64934233,14.53951673
26-05-2002,40.73179993,50.6637637,-22.28185851,15.86382559
27-05-2002,42.02143962,50.79977836,-21.76578029,13.92775579
28-05-2002,42.07860238,51.5086286,-21.31086792,14.33965084
29-05-2002,40.10655266,51.06757635,-21.95144259,13.47659231
30-05-2002,39.7623589,51.81923048,-23.60529874,14.02223965
31-05-2002,40.13609939,50.61689251,-22.33869833,13.30597798
01-06-2002,40.78648632,50.51915937,-23.29873903,11.52737367
02-06-2002,40.11181441,51.06592567,-22.3274416,12.27253054
03-06-2002,39.05943835,48.91087634,-24.07498959,10.75887703
04-06-2002,38.89037961,48.74505795,-22.75547664,10.70862046
05-06-2002,38.79681519,47.83070924,-22.20438617,11.54953234
06-06-2002,38.73403227,48.09067924,-23.26206871,9.544576864
07-06-2002,38.53899015,48.88347198,-23.05939073,10.13788768
08-06-2002,37.6353578,49.55236353,-22.51924797,9.609219694
09-06-2002,37.46378709,50.53057803,-22.40501821,8.595408938
10-06-2002,38.77395515,51.57292078,-21.16415451,8.009441092
11-06-2002,38.95189005,52.48876849,-20.9708095,7.744949164
12-06-2002,40.57172396,53.60372315,-21.72262412,5.747192998
13-06-2002,41.61955772,53.36730525,-20.40072838,7.519897963
14-06-2002,42.6010615,53.64194355,-20.10308564,6.923650408
15-06-2002,41.60225571,54.86947903,-19.01536737,8.236790796
16-06-2002,39.99092172,54.88961743,-20.40158562,8.136124823
17-06-2002,39.80282334,56.15788966,-20.82308626,7.914772895
18-06-2002,40.06159878,55.1676439,-20.82801335,6.135786439
19-06-2002,40.34569736,55.99577413,-18.24118671,6.457323575
20-06-2002,38.75202831,55.76741653,-19.74185783,7.411982605
21-06-2002,38.25372217,57.15105093,-18.18203625,7.956995575
22-06-2002,37.58540985,58.60434739,-18.64150323,7.995010747
23-06-2002,37.29367314,60.089967,-19.24549568,8.049437375
24-06-2002,33.96245899,61.1368726,-18.04748005,9.491248515
25-06-2002,34.01458272,62.30328338,-19.7115548,9.160939797
26-06-2002,34.73022187,63.65568176,-19.81520612,9.211217599
27-06-2002,34.11879837,62.77964019,-19.54735995,10.31139433
28-06-2002,33.74853745,63.98137177,-18.62370259,8.678467312
29-06-2002,32.34449463,64.99808857,-18.05386602,10.56024372
30-06-2002,31.63752572,63.74290237,-17.794118,9.907769074
01-07-2002,30.31490386,64.4159635,-17.68230868,9.975693404
02-07-2002,30.7129792,64.72070142,-17.00033991,8.852163805
03-07-2002,30.09745039,66.54493188,-17.21320933,6.146146256
04-07-2002,30.39915783,66.15145931,-16.93081528,5.311704067
05-07-2002,29.75088102,67.89081,-18.10718026,5.051210064
06-07-2002,29.18752977,67.59865563,-17.97663006,6.339391174
07-07-2002,28.3274582,68.27447599,-17.31610754,5.345031214
08-07-2002,27.68000008,68.66761491,-16.477312,7.304573161
09-07-2002,29.24823036,68.25128047,-17.25344782,8.160465339
10-07-2002,26.79505699,68.32993033,-16.71989408,9.652515108
11-07-2002,26.33846111,69.10542757,-16.73483074,9.956349943
12-07-2002,25.29464072,68.97519938,-16.45091567,8.341264743
13-07-2002,25.48360327,69.60432341,-16.26624687,8.649366533
14-07-2002,27.02383397,71.03495127,-17.83920298,8.214303201
15-07-2002,28.74757764,69.84769596,-19.00157743,8.887410397
16-07-2002,27.72481616,70.02969617,-18.9413954,9.326511439
17-07-2002,28.95568068,68.65951226,-19.13278263,9.847802354
18-07-2002,30.18972415,68.92725297,-18.69219776,10.98538594
19-07-2002,30.77675031,70.17579001,-18.63716753,10.52113462
20-07-2002,29.53786595,71.70463292,-18.8755598,10.01448653
21-07-2002,30.491315,71.21946428,-19.56527293,10.89478067
22-07-2002,29.93750596,72.83748322,-21.17746386,11.24519858
23-07-2002,28.80339797,72.76317811,-20.21374111,12.6144241
24-07-2002,27.36935091,72.48233451,-18.42455813,11.61061539
25-07-2002,28.40782124,73.21882623,-17.96593738,11.48320759
26-07-2002,29.96009478,75.29069584,-17.54275917,11.58644332
27-07-2002,30.12414985,75.72567063,-17.84646877,11.72174833
28-07-2002,28.99633484,74.50487716,-17.24663862,12.13737736
29-07-2002,27.51010094,73.47187068,-16.82361601,11.69539574
30-07-2002,27.15998686,72.712547,-16.56348226,10.16079535
31-07-2002,28.12958203,73.46657982,-17.02375096,8.736131991
01-08-2002,28.42826193,72.7891994,-16.51320627,9.720144467
02-08-2002,29.69849974,73.03414834,-17.30301872,10.39920402
03-08-2002,28.61959014,73.4539077,-15.97906493,9.232766446
04-08-2002,29.11773348,73.85060148,-16.09521998,9.047785436
05-08-2002,28.88868661,72.16277004,-15.35042683,7.933834131
06-08-2002,28.06968127,73.2608514,-15.61217772,8.074263805
07-08-2002,27.2316726,74.43642017,-16.37106943,7.818967803
08-08-2002,27.10475945,74.35933714,-16.16765295,7.295762259
09-08-2002,27.82191401,76.08688557,-15.48003293,7.171187732
10-08-2002,26.30187461,77.42975359,-14.32759749,8.600125825
11-08-2002,25.69995881,76.98710932,-12.10096854,7.84211795
12-08-2002,28.07909219,77.33592162,-11.6727959,8.826551363
13-08-2002,27.38044082,76.61388645,-11.62549097,8.531925987
14-08-2002,27.74764463,75.70800802,-12.00100777,9.477251781
15-08-2002,27.58371936,76.4920285,-11.65319739,10.78913624
16-08-2002,27.13346045,77.24077518,-10.78606014,10.79916447
17-08-2002,28.23280599,77.40903006,-8.809090899,12.45147594
18-08-2002,29.36914218,77.21515516,-8.257425975,13.61051738
19-08-2002,31.02261156,77.4105717,-8.20977899,12.9350969
20-08-2002,31.91624226,76.32969286,-8.670539947,11.4978793
21-08-2002,30.30286333,77.14386108,-10.18206236,10.06444792
22-08-2002,30.03157394,75.7165757,-9.25030727,11.56689373
23-08-2002,31.49604368,77.03105579,-8.213507639,11.41712028
24-08-2002,31.97693493,75.43248063,-9.667705417,12.21248552
25-08-2002,32.31581954,75.77948201,-7.812172683,12.4424809
26-08-2002,32.94364864,75.57980418,-6.317476473,12.15318163
27-08-2002,33.9289533,75.07657301,-8.39146225,12.780232
28-08-2002,33.47539988,74.30722274,-7.409608497,13.95623371
29-08-2002,33.36585887,75.20914147,-6.09891923,12.77275068
30-08-2002,32.59769485,73.47413735,-5.494545625,14.17044151
31-08-2002,31.83769455,74.98261556,-5.853877893,14.4725302
01-09-2002,32.20602395,74.89941825,-5.937851214,14.02011919
02-09-2002,33.41943337,75.97055658,-7.004088534,13.17382281
03-09-2002,34.90389564,75.42758844,-6.931881267,12.13550909
04-09-2002,34.37780572,74.84470607,-5.741640353,15.36185405
05-09-2002,36.06872205,74.03423553,-6.189964123,16.52142539
06-09-2002,37.36124821,75.49288569,-6.322531407,16.12320315
07-09-2002,38.24907019,77.17466387,-4.937503941,15.47657436
08-09-2002,37.70208071,75.51224017,-5.729117839,15.31956957
09-09-2002,37.90234556,75.51041553,-5.639915922,16.2175402
10-09-2002,37.23460524,75.12838356,-5.926597478,17.49230517
11-09-2002,37.28164981,74.34589898,-4.989459321,16.10763597
12-09-2002,36.33570939,73.84488691,-4.425891167,16.59968511
13-09-2002,36.81147313,73.32697375,-3.263505813,16.80092933
14-09-2002,36.92797816,73.5065967,-2.836335087,17.25354508
15-09-2002,39.34215875,74.62795262,-3.532457065,16.0680567
16-09-2002,40.25551657,73.84645205,-2.917254616,14.77161453
17-09-2002,40.00311511,74.5975983,-3.128487874,13.22707652
18-09-2002,40.55041382,75.04966358,-3.093348467,13.49056801
19-09-2002,41.44199249,75.28694936,-3.585613489,13.47702633
20-09-2002,41.0959649,75.40732727,-4.062595648,12.71865006
21-09-2002,39.97291793,75.84313944,-2.444343638,12.26795459
22-09-2002,38.9814515,75.8672197,-2.471073278,12.18944102
23-09-2002,37.8891022,75.19001264,-3.632822589,11.84806309
24-09-2002,35.77874734,76.69350658,-2.382093902,11.56667106
25-09-2002,36.37161698,76.61589914,-1.756213141,10.28613874
26-09-2002,37.85723667,75.89598664,-0.991229916,9.521789768
